resources/trainingset/combined/476369/476369_21.png,476369
resources/trainingset/combined/476369/476369_35.png,476369
resources/trainingset/combined/476369/476369_34.png,476369
resources/trainingset/combined/476369/476369_20.png,476369
resources/trainingset/combined/476369/476369_36.png,476369
resources/trainingset/combined/476369/476369_22.png,476369
resources/trainingset/combined/476369/476369_23.png,476369
resources/trainingset/combined/476369/476369_37.png,476369
resources/trainingset/combined/476369/476369_33.png,476369
resources/trainingset/combined/476369/476369_27.png,476369
resources/trainingset/combined/476369/476369_9.png,476369
resources/trainingset/combined/476369/476369_8.png,476369
resources/trainingset/combined/476369/476369_26.png,476369
resources/trainingset/combined/476369/476369_32.png,476369
resources/trainingset/combined/476369/476369_24.png,476369
resources/trainingset/combined/476369/476369_30.png,476369
resources/trainingset/combined/476369/476369_18.png,476369
resources/trainingset/combined/476369/476369_19.png,476369
resources/trainingset/combined/476369/476369_31.png,476369
resources/trainingset/combined/476369/476369_25.png,476369
resources/trainingset/combined/476369/476369_42.png,476369
resources/trainingset/combined/476369/476369_43.png,476369
resources/trainingset/combined/476369/476369_41.png,476369
resources/trainingset/combined/476369/476369_40.png,476369
resources/trainingset/combined/476369/476369_44.png,476369
resources/trainingset/combined/476369/476369_45.png,476369
resources/trainingset/combined/476369/476369_47.png,476369
resources/trainingset/combined/476369/476369_46.png,476369
resources/trainingset/combined/476369/476369_48.png,476369
resources/trainingset/combined/476369/476369_49.png,476369
resources/trainingset/combined/476369/476369_28.png,476369
resources/trainingset/combined/476369/476369_14.png,476369
resources/trainingset/combined/476369/476369_6.png,476369
resources/trainingset/combined/476369/476369_7.png,476369
resources/trainingset/combined/476369/476369_15.png,476369
resources/trainingset/combined/476369/476369_29.png,476369
resources/trainingset/combined/476369/476369_17.png,476369
resources/trainingset/combined/476369/476369_5.png,476369
resources/trainingset/combined/476369/476369_4.png,476369
resources/trainingset/combined/476369/476369_16.png,476369
resources/trainingset/combined/476369/476369_12.png,476369
resources/trainingset/combined/476369/476369_0.png,476369
resources/trainingset/combined/476369/476369_1.png,476369
resources/trainingset/combined/476369/476369_13.png,476369
resources/trainingset/combined/476369/476369_11.png,476369
resources/trainingset/combined/476369/476369_39.png,476369
resources/trainingset/combined/476369/476369_3.png,476369
resources/trainingset/combined/476369/476369_2.png,476369
resources/trainingset/combined/476369/476369_38.png,476369
resources/trainingset/combined/476369/476369_10.png,476369
resources/trainingset/combined/493535/493535_48.png,493535
resources/trainingset/combined/493535/493535_49.png,493535
resources/trainingset/combined/493535/493535_28.png,493535
resources/trainingset/combined/493535/493535_14.png,493535
resources/trainingset/combined/493535/493535_1.png,493535
resources/trainingset/combined/493535/493535_0.png,493535
resources/trainingset/combined/493535/493535_15.png,493535
resources/trainingset/combined/493535/493535_29.png,493535
resources/trainingset/combined/493535/493535_17.png,493535
resources/trainingset/combined/493535/493535_2.png,493535
resources/trainingset/combined/493535/493535_3.png,493535
resources/trainingset/combined/493535/493535_16.png,493535
resources/trainingset/combined/493535/493535_12.png,493535
resources/trainingset/combined/493535/493535_7.png,493535
resources/trainingset/combined/493535/493535_6.png,493535
resources/trainingset/combined/493535/493535_13.png,493535
resources/trainingset/combined/493535/493535_11.png,493535
resources/trainingset/combined/493535/493535_39.png,493535
resources/trainingset/combined/493535/493535_4.png,493535
resources/trainingset/combined/493535/493535_5.png,493535
resources/trainingset/combined/493535/493535_38.png,493535
resources/trainingset/combined/493535/493535_10.png,493535
resources/trainingset/combined/493535/493535_35.png,493535
resources/trainingset/combined/493535/493535_21.png,493535
resources/trainingset/combined/493535/493535_8.png,493535
resources/trainingset/combined/493535/493535_9.png,493535
resources/trainingset/combined/493535/493535_20.png,493535
resources/trainingset/combined/493535/493535_34.png,493535
resources/trainingset/combined/493535/493535_22.png,493535
resources/trainingset/combined/493535/493535_36.png,493535
resources/trainingset/combined/493535/493535_37.png,493535
resources/trainingset/combined/493535/493535_23.png,493535
resources/trainingset/combined/493535/493535_27.png,493535
resources/trainingset/combined/493535/493535_33.png,493535
resources/trainingset/combined/493535/493535_32.png,493535
resources/trainingset/combined/493535/493535_26.png,493535
resources/trainingset/combined/493535/493535_30.png,493535
resources/trainingset/combined/493535/493535_24.png,493535
resources/trainingset/combined/493535/493535_18.png,493535
resources/trainingset/combined/493535/493535_19.png,493535
resources/trainingset/combined/493535/493535_25.png,493535
resources/trainingset/combined/493535/493535_31.png,493535
resources/trainingset/combined/493535/493535_42.png,493535
resources/trainingset/combined/493535/493535_43.png,493535
resources/trainingset/combined/493535/493535_41.png,493535
resources/trainingset/combined/493535/493535_40.png,493535
resources/trainingset/combined/493535/493535_44.png,493535
resources/trainingset/combined/493535/493535_45.png,493535
resources/trainingset/combined/493535/493535_47.png,493535
resources/trainingset/combined/493535/493535_46.png,493535
resources/trainingset/combined/743424/743424_42.png,743424
resources/trainingset/combined/743424/743424_43.png,743424
resources/trainingset/combined/743424/743424_41.png,743424
resources/trainingset/combined/743424/743424_40.png,743424
resources/trainingset/combined/743424/743424_44.png,743424
resources/trainingset/combined/743424/743424_45.png,743424
resources/trainingset/combined/743424/743424_47.png,743424
resources/trainingset/combined/743424/743424_46.png,743424
resources/trainingset/combined/743424/743424_21.png,743424
resources/trainingset/combined/743424/743424_35.png,743424
resources/trainingset/combined/743424/743424_1.png,743424
resources/trainingset/combined/743424/743424_0.png,743424
resources/trainingset/combined/743424/743424_34.png,743424
resources/trainingset/combined/743424/743424_20.png,743424
resources/trainingset/combined/743424/743424_36.png,743424
resources/trainingset/combined/743424/743424_22.png,743424
resources/trainingset/combined/743424/743424_2.png,743424
resources/trainingset/combined/743424/743424_3.png,743424
resources/trainingset/combined/743424/743424_23.png,743424
resources/trainingset/combined/743424/743424_37.png,743424
resources/trainingset/combined/743424/743424_33.png,743424
resources/trainingset/combined/743424/743424_27.png,743424
resources/trainingset/combined/743424/743424_7.png,743424
resources/trainingset/combined/743424/743424_6.png,743424
resources/trainingset/combined/743424/743424_26.png,743424
resources/trainingset/combined/743424/743424_32.png,743424
resources/trainingset/combined/743424/743424_24.png,743424
resources/trainingset/combined/743424/743424_30.png,743424
resources/trainingset/combined/743424/743424_18.png,743424
resources/trainingset/combined/743424/743424_4.png,743424
resources/trainingset/combined/743424/743424_5.png,743424
resources/trainingset/combined/743424/743424_19.png,743424
resources/trainingset/combined/743424/743424_31.png,743424
resources/trainingset/combined/743424/743424_25.png,743424
resources/trainingset/combined/743424/743424_28.png,743424
resources/trainingset/combined/743424/743424_14.png,743424
resources/trainingset/combined/743424/743424_8.png,743424
resources/trainingset/combined/743424/743424_9.png,743424
resources/trainingset/combined/743424/743424_15.png,743424
resources/trainingset/combined/743424/743424_29.png,743424
resources/trainingset/combined/743424/743424_17.png,743424
resources/trainingset/combined/743424/743424_16.png,743424
resources/trainingset/combined/743424/743424_12.png,743424
resources/trainingset/combined/743424/743424_13.png,743424
resources/trainingset/combined/743424/743424_11.png,743424
resources/trainingset/combined/743424/743424_39.png,743424
resources/trainingset/combined/743424/743424_38.png,743424
resources/trainingset/combined/743424/743424_10.png,743424
resources/trainingset/combined/743424/743424_48.png,743424
resources/trainingset/combined/743424/743424_49.png,743424
resources/trainingset/combined/143596/143596_43.png,143596
resources/trainingset/combined/143596/143596_42.png,143596
resources/trainingset/combined/143596/143596_40.png,143596
resources/trainingset/combined/143596/143596_41.png,143596
resources/trainingset/combined/143596/143596_45.png,143596
resources/trainingset/combined/143596/143596_44.png,143596
resources/trainingset/combined/143596/143596_46.png,143596
resources/trainingset/combined/143596/143596_47.png,143596
resources/trainingset/combined/143596/143596_20.png,143596
resources/trainingset/combined/143596/143596_34.png,143596
resources/trainingset/combined/143596/143596_4.png,143596
resources/trainingset/combined/143596/143596_5.png,143596
resources/trainingset/combined/143596/143596_35.png,143596
resources/trainingset/combined/143596/143596_21.png,143596
resources/trainingset/combined/143596/143596_37.png,143596
resources/trainingset/combined/143596/143596_23.png,143596
resources/trainingset/combined/143596/143596_7.png,143596
resources/trainingset/combined/143596/143596_6.png,143596
resources/trainingset/combined/143596/143596_22.png,143596
resources/trainingset/combined/143596/143596_36.png,143596
resources/trainingset/combined/143596/143596_32.png,143596
resources/trainingset/combined/143596/143596_26.png,143596
resources/trainingset/combined/143596/143596_2.png,143596
resources/trainingset/combined/143596/143596_3.png,143596
resources/trainingset/combined/143596/143596_27.png,143596
resources/trainingset/combined/143596/143596_33.png,143596
resources/trainingset/combined/143596/143596_25.png,143596
resources/trainingset/combined/143596/143596_31.png,143596
resources/trainingset/combined/143596/143596_19.png,143596
resources/trainingset/combined/143596/143596_1.png,143596
resources/trainingset/combined/143596/143596_0.png,143596
resources/trainingset/combined/143596/143596_18.png,143596
resources/trainingset/combined/143596/143596_30.png,143596
resources/trainingset/combined/143596/143596_24.png,143596
resources/trainingset/combined/143596/143596_29.png,143596
resources/trainingset/combined/143596/143596_15.png,143596
resources/trainingset/combined/143596/143596_14.png,143596
resources/trainingset/combined/143596/143596_28.png,143596
resources/trainingset/combined/143596/143596_16.png,143596
resources/trainingset/combined/143596/143596_17.png,143596
resources/trainingset/combined/143596/143596_13.png,143596
resources/trainingset/combined/143596/143596_12.png,143596
resources/trainingset/combined/143596/143596_10.png,143596
resources/trainingset/combined/143596/143596_38.png,143596
resources/trainingset/combined/143596/143596_8.png,143596
resources/trainingset/combined/143596/143596_9.png,143596
resources/trainingset/combined/143596/143596_39.png,143596
resources/trainingset/combined/143596/143596_11.png,143596
resources/trainingset/combined/143596/143596_49.png,143596
resources/trainingset/combined/143596/143596_48.png,143596
